<application>
  <component name="FileTypeManager" version="17">
    <extensionMap>
      <mapping pattern="Jenkinsfile" type="Groovy" />
      <mapping ext="profile" type="Groovy" />
      <mapping pattern="sshconfig" type="PLAIN_TEXT" />
      <mapping pattern="fullexport.sql" type="PLAIN_TEXT" />
      <mapping pattern=".asscache" type="PLAIN_TEXT" />
      <mapping pattern="telematics_alerts.sql" type="PLAIN_TEXT" />
      <removed_mapping ext="cmd" approved="true" type="PLAIN_TEXT" />
      <removed_mapping ext="log" approved="true" type="PLAIN_TEXT" />
      <removed_mapping ext="bat" approved="true" type="PLAIN_TEXT" />
      <removed_mapping ext="bat" approved="true" type="PLAIN_TEXT" />
      <removed_mapping ext="log" approved="true" type="PLAIN_TEXT" />
      <removed_mapping ext="dockerfile" approved="true" type="textmate" />
      <removed_mapping ext="makefile" approved="true" type="textmate" />
      <removed_mapping ext="cmd" approved="true" type="PLAIN_TEXT" />
      <removed_mapping ext="snakefile" approved="true" type="textmate" />
    </extensionMap>
  </component>
</application>