<application>
  <component name="ProjectJdkTable">
    <jdk version="2">
      <name value="Python 2.7.6 (/usr/bin/python)" />
      <type value="Python SDK" />
      <version value="Python 2.7.10" />
      <homePath value="/usr/bin/python" />
      <roots>
        <annotationsPath>
          <root type="composite" />
        </annotationsPath>
        <classPath>
          <root type="composite">
            <root url="file:///System/Library/Frameworks/Python.framework/Versions/2.7/lib/python2.7" type="simple" />
            <root url="file:///System/Library/Frameworks/Python.framework/Versions/2.7/lib/python2.7/plat-darwin" type="simple" />
            <root url="file:///System/Library/Frameworks/Python.framework/Versions/2.7/lib/python2.7/plat-mac" type="simple" />
            <root url="file:///System/Library/Frameworks/Python.framework/Versions/2.7/lib/python2.7/plat-mac/lib-scriptpackages" type="simple" />
            <root url="file:///System/Library/Frameworks/Python.framework/Versions/2.7/lib/python2.7/lib-tk" type="simple" />
            <root url="file:///System/Library/Frameworks/Python.framework/Versions/2.7/lib/python2.7/lib-dynload" type="simple" />
            <root url="file:///Library/Python/2.7/site-packages" type="simple" />
            <root url="file:///System/Library/Frameworks/Python.framework/Versions/2.7/Extras/lib/python" type="simple" />
            <root url="file:///System/Library/Frameworks/Python.framework/Versions/2.7/Extras/lib/python/PyObjC" type="simple" />
            <root url="file://$APPLICATION_PLUGINS_DIR$/python/helpers/python-skeletons" type="simple" />
            <root url="file://$APPLICATION_PLUGINS_DIR$/python/helpers/typeshed/stdlib/2" type="simple" />
            <root url="file://$APPLICATION_PLUGINS_DIR$/python/helpers/typeshed/stdlib/2and3" type="simple" />
            <root url="file://$APPLICATION_PLUGINS_DIR$/python/helpers/typeshed/third_party/2" type="simple" />
            <root url="file://$APPLICATION_PLUGINS_DIR$/python/helpers/typeshed/third_party/2and3" type="simple" />
          </root>
        </classPath>
        <javadocPath>
          <root type="composite" />
        </javadocPath>
        <sourcePath>
          <root type="composite" />
        </sourcePath>
      </roots>
      <additional />
    </jdk>
    <jdk version="2">
      <name value="Kahlua" />
      <type value="Lua SDK" />
      <version value="Kahlua" />
      <homePath value="" />
      <roots>
        <annotationsPath>
          <root type="composite" />
        </annotationsPath>
        <classPath>
          <root type="composite">
            <root url="file://$APPLICATION_PLUGINS_DIR$/Lua/stdlibrary" type="simple" />
          </root>
        </classPath>
        <javadocPath>
          <root type="composite" />
        </javadocPath>
        <sourcePath>
          <root type="composite">
            <root url="file://$APPLICATION_PLUGINS_DIR$/Lua/stdlibrary" type="simple" />
          </root>
        </sourcePath>
      </roots>
      <additional />
    </jdk>
    <jdk version="2">
      <name value="LuaJ" />
      <type value="Lua SDK" />
      <version value="LuaJ" />
      <homePath value="" />
      <roots>
        <annotationsPath>
          <root type="composite" />
        </annotationsPath>
        <classPath>
          <root type="composite">
            <root url="file://$APPLICATION_PLUGINS_DIR$/Lua/stdlibrary" type="simple" />
          </root>
        </classPath>
        <javadocPath>
          <root type="composite" />
        </javadocPath>
        <sourcePath>
          <root type="composite">
            <root url="file://$APPLICATION_PLUGINS_DIR$/Lua/stdlibrary" type="simple" />
          </root>
        </sourcePath>
      </roots>
      <additional />
    </jdk>
    <jdk version="2">
      <name value="11" />
      <type value="JavaSDK" />
      <version value="java version &quot;11.0.4&quot;" />
      <homePath value="$USER_HOME$/.sdkman/candidates/java/11.0.4-zulu" />
      <roots>
        <annotationsPath>
          <root type="composite">
            <root url="jar://$APPLICATION_HOME_DIR$/plugins/java/lib/jdkAnnotations.jar!/" type="simple" />
          </root>
        </annotationsPath>
        <classPath>
          <root type="composite">
            <root url="jrt:///Users/jkelly/.sdkman/candidates/java/11.0.4-zulu!/java.base" type="simple" />
            <root url="jrt:///Users/jkelly/.sdkman/candidates/java/11.0.4-zulu!/java.compiler" type="simple" />
            <root url="jrt:///Users/jkelly/.sdkman/candidates/java/11.0.4-zulu!/java.datatransfer" type="simple" />
            <root url="jrt:///Users/jkelly/.sdkman/candidates/java/11.0.4-zulu!/java.desktop" type="simple" />
            <root url="jrt:///Users/jkelly/.sdkman/candidates/java/11.0.4-zulu!/java.instrument" type="simple" />
            <root url="jrt:///Users/jkelly/.sdkman/candidates/java/11.0.4-zulu!/java.logging" type="simple" />
            <root url="jrt:///Users/jkelly/.sdkman/candidates/java/11.0.4-zulu!/java.management" type="simple" />
            <root url="jrt:///Users/jkelly/.sdkman/candidates/java/11.0.4-zulu!/java.management.rmi" type="simple" />
            <root url="jrt:///Users/jkelly/.sdkman/candidates/java/11.0.4-zulu!/java.naming" type="simple" />
            <root url="jrt:///Users/jkelly/.sdkman/candidates/java/11.0.4-zulu!/java.net.http" type="simple" />
            <root url="jrt:///Users/jkelly/.sdkman/candidates/java/11.0.4-zulu!/java.prefs" type="simple" />
            <root url="jrt:///Users/jkelly/.sdkman/candidates/java/11.0.4-zulu!/java.rmi" type="simple" />
            <root url="jrt:///Users/jkelly/.sdkman/candidates/java/11.0.4-zulu!/java.scripting" type="simple" />
            <root url="jrt:///Users/jkelly/.sdkman/candidates/java/11.0.4-zulu!/java.se" type="simple" />
            <root url="jrt:///Users/jkelly/.sdkman/candidates/java/11.0.4-zulu!/java.security.jgss" type="simple" />
            <root url="jrt:///Users/jkelly/.sdkman/candidates/java/11.0.4-zulu!/java.security.sasl" type="simple" />
            <root url="jrt:///Users/jkelly/.sdkman/candidates/java/11.0.4-zulu!/java.smartcardio" type="simple" />
            <root url="jrt:///Users/jkelly/.sdkman/candidates/java/11.0.4-zulu!/java.sql" type="simple" />
            <root url="jrt:///Users/jkelly/.sdkman/candidates/java/11.0.4-zulu!/java.sql.rowset" type="simple" />
            <root url="jrt:///Users/jkelly/.sdkman/candidates/java/11.0.4-zulu!/java.transaction.xa" type="simple" />
            <root url="jrt:///Users/jkelly/.sdkman/candidates/java/11.0.4-zulu!/java.xml" type="simple" />
            <root url="jrt:///Users/jkelly/.sdkman/candidates/java/11.0.4-zulu!/java.xml.crypto" type="simple" />
            <root url="jrt:///Users/jkelly/.sdkman/candidates/java/11.0.4-zulu!/jdk.accessibility" type="simple" />
            <root url="jrt:///Users/jkelly/.sdkman/candidates/java/11.0.4-zulu!/jdk.aot" type="simple" />
            <root url="jrt:///Users/jkelly/.sdkman/candidates/java/11.0.4-zulu!/jdk.attach" type="simple" />
            <root url="jrt:///Users/jkelly/.sdkman/candidates/java/11.0.4-zulu!/jdk.charsets" type="simple" />
            <root url="jrt:///Users/jkelly/.sdkman/candidates/java/11.0.4-zulu!/jdk.compiler" type="simple" />
            <root url="jrt:///Users/jkelly/.sdkman/candidates/java/11.0.4-zulu!/jdk.crypto.cryptoki" type="simple" />
            <root url="jrt:///Users/jkelly/.sdkman/candidates/java/11.0.4-zulu!/jdk.crypto.ec" type="simple" />
            <root url="jrt:///Users/jkelly/.sdkman/candidates/java/11.0.4-zulu!/jdk.dynalink" type="simple" />
            <root url="jrt:///Users/jkelly/.sdkman/candidates/java/11.0.4-zulu!/jdk.editpad" type="simple" />
            <root url="jrt:///Users/jkelly/.sdkman/candidates/java/11.0.4-zulu!/jdk.hotspot.agent" type="simple" />
            <root url="jrt:///Users/jkelly/.sdkman/candidates/java/11.0.4-zulu!/jdk.httpserver" type="simple" />
            <root url="jrt:///Users/jkelly/.sdkman/candidates/java/11.0.4-zulu!/jdk.internal.ed" type="simple" />
            <root url="jrt:///Users/jkelly/.sdkman/candidates/java/11.0.4-zulu!/jdk.internal.jvmstat" type="simple" />
            <root url="jrt:///Users/jkelly/.sdkman/candidates/java/11.0.4-zulu!/jdk.internal.le" type="simple" />
            <root url="jrt:///Users/jkelly/.sdkman/candidates/java/11.0.4-zulu!/jdk.internal.opt" type="simple" />
            <root url="jrt:///Users/jkelly/.sdkman/candidates/java/11.0.4-zulu!/jdk.internal.vm.ci" type="simple" />
            <root url="jrt:///Users/jkelly/.sdkman/candidates/java/11.0.4-zulu!/jdk.internal.vm.compiler" type="simple" />
            <root url="jrt:///Users/jkelly/.sdkman/candidates/java/11.0.4-zulu!/jdk.internal.vm.compiler.management" type="simple" />
            <root url="jrt:///Users/jkelly/.sdkman/candidates/java/11.0.4-zulu!/jdk.jartool" type="simple" />
            <root url="jrt:///Users/jkelly/.sdkman/candidates/java/11.0.4-zulu!/jdk.javadoc" type="simple" />
            <root url="jrt:///Users/jkelly/.sdkman/candidates/java/11.0.4-zulu!/jdk.jcmd" type="simple" />
            <root url="jrt:///Users/jkelly/.sdkman/candidates/java/11.0.4-zulu!/jdk.jconsole" type="simple" />
            <root url="jrt:///Users/jkelly/.sdkman/candidates/java/11.0.4-zulu!/jdk.jdeps" type="simple" />
            <root url="jrt:///Users/jkelly/.sdkman/candidates/java/11.0.4-zulu!/jdk.jdi" type="simple" />
            <root url="jrt:///Users/jkelly/.sdkman/candidates/java/11.0.4-zulu!/jdk.jdwp.agent" type="simple" />
            <root url="jrt:///Users/jkelly/.sdkman/candidates/java/11.0.4-zulu!/jdk.jfr" type="simple" />
            <root url="jrt:///Users/jkelly/.sdkman/candidates/java/11.0.4-zulu!/jdk.jlink" type="simple" />
            <root url="jrt:///Users/jkelly/.sdkman/candidates/java/11.0.4-zulu!/jdk.jshell" type="simple" />
            <root url="jrt:///Users/jkelly/.sdkman/candidates/java/11.0.4-zulu!/jdk.jsobject" type="simple" />
            <root url="jrt:///Users/jkelly/.sdkman/candidates/java/11.0.4-zulu!/jdk.jstatd" type="simple" />
            <root url="jrt:///Users/jkelly/.sdkman/candidates/java/11.0.4-zulu!/jdk.localedata" type="simple" />
            <root url="jrt:///Users/jkelly/.sdkman/candidates/java/11.0.4-zulu!/jdk.management" type="simple" />
            <root url="jrt:///Users/jkelly/.sdkman/candidates/java/11.0.4-zulu!/jdk.management.agent" type="simple" />
            <root url="jrt:///Users/jkelly/.sdkman/candidates/java/11.0.4-zulu!/jdk.management.jfr" type="simple" />
            <root url="jrt:///Users/jkelly/.sdkman/candidates/java/11.0.4-zulu!/jdk.naming.dns" type="simple" />
            <root url="jrt:///Users/jkelly/.sdkman/candidates/java/11.0.4-zulu!/jdk.naming.rmi" type="simple" />
            <root url="jrt:///Users/jkelly/.sdkman/candidates/java/11.0.4-zulu!/jdk.net" type="simple" />
            <root url="jrt:///Users/jkelly/.sdkman/candidates/java/11.0.4-zulu!/jdk.pack" type="simple" />
            <root url="jrt:///Users/jkelly/.sdkman/candidates/java/11.0.4-zulu!/jdk.rmic" type="simple" />
            <root url="jrt:///Users/jkelly/.sdkman/candidates/java/11.0.4-zulu!/jdk.scripting.nashorn" type="simple" />
            <root url="jrt:///Users/jkelly/.sdkman/candidates/java/11.0.4-zulu!/jdk.scripting.nashorn.shell" type="simple" />
            <root url="jrt:///Users/jkelly/.sdkman/candidates/java/11.0.4-zulu!/jdk.sctp" type="simple" />
            <root url="jrt:///Users/jkelly/.sdkman/candidates/java/11.0.4-zulu!/jdk.security.auth" type="simple" />
            <root url="jrt:///Users/jkelly/.sdkman/candidates/java/11.0.4-zulu!/jdk.security.jgss" type="simple" />
            <root url="jrt:///Users/jkelly/.sdkman/candidates/java/11.0.4-zulu!/jdk.unsupported" type="simple" />
            <root url="jrt:///Users/jkelly/.sdkman/candidates/java/11.0.4-zulu!/jdk.unsupported.desktop" type="simple" />
            <root url="jrt:///Users/jkelly/.sdkman/candidates/java/11.0.4-zulu!/jdk.xml.dom" type="simple" />
            <root url="jrt:///Users/jkelly/.sdkman/candidates/java/11.0.4-zulu!/jdk.zipfs" type="simple" />
          </root>
        </classPath>
        <javadocPath>
          <root type="composite" />
        </javadocPath>
        <sourcePath>
          <root type="composite">
            <root url="jar://$USER_HOME$/.sdkman/candidates/java/11.0.4-zulu/lib/src.zip!/java.se" type="simple" />
            <root url="jar://$USER_HOME$/.sdkman/candidates/java/11.0.4-zulu/lib/src.zip!/jdk.aot" type="simple" />
            <root url="jar://$USER_HOME$/.sdkman/candidates/java/11.0.4-zulu/lib/src.zip!/jdk.jdi" type="simple" />
            <root url="jar://$USER_HOME$/.sdkman/candidates/java/11.0.4-zulu/lib/src.zip!/jdk.jfr" type="simple" />
            <root url="jar://$USER_HOME$/.sdkman/candidates/java/11.0.4-zulu/lib/src.zip!/jdk.net" type="simple" />
            <root url="jar://$USER_HOME$/.sdkman/candidates/java/11.0.4-zulu/lib/src.zip!/java.rmi" type="simple" />
            <root url="jar://$USER_HOME$/.sdkman/candidates/java/11.0.4-zulu/lib/src.zip!/java.sql" type="simple" />
            <root url="jar://$USER_HOME$/.sdkman/candidates/java/11.0.4-zulu/lib/src.zip!/java.xml" type="simple" />
            <root url="jar://$USER_HOME$/.sdkman/candidates/java/11.0.4-zulu/lib/src.zip!/jdk.jcmd" type="simple" />
            <root url="jar://$USER_HOME$/.sdkman/candidates/java/11.0.4-zulu/lib/src.zip!/jdk.pack" type="simple" />
            <root url="jar://$USER_HOME$/.sdkman/candidates/java/11.0.4-zulu/lib/src.zip!/jdk.rmic" type="simple" />
            <root url="jar://$USER_HOME$/.sdkman/candidates/java/11.0.4-zulu/lib/src.zip!/jdk.sctp" type="simple" />
            <root url="jar://$USER_HOME$/.sdkman/candidates/java/11.0.4-zulu/lib/src.zip!/java.base" type="simple" />
            <root url="jar://$USER_HOME$/.sdkman/candidates/java/11.0.4-zulu/lib/src.zip!/jdk.jdeps" type="simple" />
            <root url="jar://$USER_HOME$/.sdkman/candidates/java/11.0.4-zulu/lib/src.zip!/jdk.jlink" type="simple" />
            <root url="jar://$USER_HOME$/.sdkman/candidates/java/11.0.4-zulu/lib/src.zip!/jdk.zipfs" type="simple" />
            <root url="jar://$USER_HOME$/.sdkman/candidates/java/11.0.4-zulu/lib/src.zip!/java.prefs" type="simple" />
            <root url="jar://$USER_HOME$/.sdkman/candidates/java/11.0.4-zulu/lib/src.zip!/jdk.attach" type="simple" />
            <root url="jar://$USER_HOME$/.sdkman/candidates/java/11.0.4-zulu/lib/src.zip!/jdk.jshell" type="simple" />
            <root url="jar://$USER_HOME$/.sdkman/candidates/java/11.0.4-zulu/lib/src.zip!/jdk.jstatd" type="simple" />
            <root url="jar://$USER_HOME$/.sdkman/candidates/java/11.0.4-zulu/lib/src.zip!/java.naming" type="simple" />
            <root url="jar://$USER_HOME$/.sdkman/candidates/java/11.0.4-zulu/lib/src.zip!/jdk.editpad" type="simple" />
            <root url="jar://$USER_HOME$/.sdkman/candidates/java/11.0.4-zulu/lib/src.zip!/jdk.jartool" type="simple" />
            <root url="jar://$USER_HOME$/.sdkman/candidates/java/11.0.4-zulu/lib/src.zip!/jdk.javadoc" type="simple" />
            <root url="jar://$USER_HOME$/.sdkman/candidates/java/11.0.4-zulu/lib/src.zip!/jdk.xml.dom" type="simple" />
            <root url="jar://$USER_HOME$/.sdkman/candidates/java/11.0.4-zulu/lib/src.zip!/java.desktop" type="simple" />
            <root url="jar://$USER_HOME$/.sdkman/candidates/java/11.0.4-zulu/lib/src.zip!/java.logging" type="simple" />
            <root url="jar://$USER_HOME$/.sdkman/candidates/java/11.0.4-zulu/lib/src.zip!/jdk.charsets" type="simple" />
            <root url="jar://$USER_HOME$/.sdkman/candidates/java/11.0.4-zulu/lib/src.zip!/jdk.compiler" type="simple" />
            <root url="jar://$USER_HOME$/.sdkman/candidates/java/11.0.4-zulu/lib/src.zip!/jdk.dynalink" type="simple" />
            <root url="jar://$USER_HOME$/.sdkman/candidates/java/11.0.4-zulu/lib/src.zip!/jdk.jconsole" type="simple" />
            <root url="jar://$USER_HOME$/.sdkman/candidates/java/11.0.4-zulu/lib/src.zip!/jdk.jsobject" type="simple" />
            <root url="jar://$USER_HOME$/.sdkman/candidates/java/11.0.4-zulu/lib/src.zip!/java.compiler" type="simple" />
            <root url="jar://$USER_HOME$/.sdkman/candidates/java/11.0.4-zulu/lib/src.zip!/java.net.http" type="simple" />
            <root url="jar://$USER_HOME$/.sdkman/candidates/java/11.0.4-zulu/lib/src.zip!/jdk.crypto.ec" type="simple" />
            <root url="jar://$USER_HOME$/.sdkman/candidates/java/11.0.4-zulu/lib/src.zip!/java.scripting" type="simple" />
            <root url="jar://$USER_HOME$/.sdkman/candidates/java/11.0.4-zulu/lib/src.zip!/jdk.httpserver" type="simple" />
            <root url="jar://$USER_HOME$/.sdkman/candidates/java/11.0.4-zulu/lib/src.zip!/jdk.jdwp.agent" type="simple" />
            <root url="jar://$USER_HOME$/.sdkman/candidates/java/11.0.4-zulu/lib/src.zip!/jdk.localedata" type="simple" />
            <root url="jar://$USER_HOME$/.sdkman/candidates/java/11.0.4-zulu/lib/src.zip!/jdk.management" type="simple" />
            <root url="jar://$USER_HOME$/.sdkman/candidates/java/11.0.4-zulu/lib/src.zip!/jdk.naming.dns" type="simple" />
            <root url="jar://$USER_HOME$/.sdkman/candidates/java/11.0.4-zulu/lib/src.zip!/jdk.naming.rmi" type="simple" />
            <root url="jar://$USER_HOME$/.sdkman/candidates/java/11.0.4-zulu/lib/src.zip!/java.instrument" type="simple" />
            <root url="jar://$USER_HOME$/.sdkman/candidates/java/11.0.4-zulu/lib/src.zip!/java.management" type="simple" />
            <root url="jar://$USER_HOME$/.sdkman/candidates/java/11.0.4-zulu/lib/src.zip!/java.sql.rowset" type="simple" />
            <root url="jar://$USER_HOME$/.sdkman/candidates/java/11.0.4-zulu/lib/src.zip!/java.xml.crypto" type="simple" />
            <root url="jar://$USER_HOME$/.sdkman/candidates/java/11.0.4-zulu/lib/src.zip!/jdk.internal.ed" type="simple" />
            <root url="jar://$USER_HOME$/.sdkman/candidates/java/11.0.4-zulu/lib/src.zip!/jdk.internal.le" type="simple" />
            <root url="jar://$USER_HOME$/.sdkman/candidates/java/11.0.4-zulu/lib/src.zip!/jdk.unsupported" type="simple" />
            <root url="jar://$USER_HOME$/.sdkman/candidates/java/11.0.4-zulu/lib/src.zip!/java.smartcardio" type="simple" />
            <root url="jar://$USER_HOME$/.sdkman/candidates/java/11.0.4-zulu/lib/src.zip!/jdk.internal.opt" type="simple" />
            <root url="jar://$USER_HOME$/.sdkman/candidates/java/11.0.4-zulu/lib/src.zip!/java.datatransfer" type="simple" />
            <root url="jar://$USER_HOME$/.sdkman/candidates/java/11.0.4-zulu/lib/src.zip!/jdk.accessibility" type="simple" />
            <root url="jar://$USER_HOME$/.sdkman/candidates/java/11.0.4-zulu/lib/src.zip!/jdk.hotspot.agent" type="simple" />
            <root url="jar://$USER_HOME$/.sdkman/candidates/java/11.0.4-zulu/lib/src.zip!/jdk.security.auth" type="simple" />
            <root url="jar://$USER_HOME$/.sdkman/candidates/java/11.0.4-zulu/lib/src.zip!/jdk.security.jgss" type="simple" />
            <root url="jar://$USER_HOME$/.sdkman/candidates/java/11.0.4-zulu/lib/src.zip!/java.security.jgss" type="simple" />
            <root url="jar://$USER_HOME$/.sdkman/candidates/java/11.0.4-zulu/lib/src.zip!/java.security.sasl" type="simple" />
            <root url="jar://$USER_HOME$/.sdkman/candidates/java/11.0.4-zulu/lib/src.zip!/jdk.internal.vm.ci" type="simple" />
            <root url="jar://$USER_HOME$/.sdkman/candidates/java/11.0.4-zulu/lib/src.zip!/jdk.management.jfr" type="simple" />
            <root url="jar://$USER_HOME$/.sdkman/candidates/java/11.0.4-zulu/lib/src.zip!/java.management.rmi" type="simple" />
            <root url="jar://$USER_HOME$/.sdkman/candidates/java/11.0.4-zulu/lib/src.zip!/java.transaction.xa" type="simple" />
            <root url="jar://$USER_HOME$/.sdkman/candidates/java/11.0.4-zulu/lib/src.zip!/jdk.crypto.cryptoki" type="simple" />
            <root url="jar://$USER_HOME$/.sdkman/candidates/java/11.0.4-zulu/lib/src.zip!/jdk.internal.jvmstat" type="simple" />
            <root url="jar://$USER_HOME$/.sdkman/candidates/java/11.0.4-zulu/lib/src.zip!/jdk.management.agent" type="simple" />
            <root url="jar://$USER_HOME$/.sdkman/candidates/java/11.0.4-zulu/lib/src.zip!/jdk.scripting.nashorn" type="simple" />
            <root url="jar://$USER_HOME$/.sdkman/candidates/java/11.0.4-zulu/lib/src.zip!/jdk.unsupported.desktop" type="simple" />
            <root url="jar://$USER_HOME$/.sdkman/candidates/java/11.0.4-zulu/lib/src.zip!/jdk.internal.vm.compiler" type="simple" />
            <root url="jar://$USER_HOME$/.sdkman/candidates/java/11.0.4-zulu/lib/src.zip!/jdk.scripting.nashorn.shell" type="simple" />
            <root url="jar://$USER_HOME$/.sdkman/candidates/java/11.0.4-zulu/lib/src.zip!/jdk.internal.vm.compiler.management" type="simple" />
          </root>
        </sourcePath>
      </roots>
      <additional />
    </jdk>
    <jdk version="2">
      <name value="10" />
      <type value="JavaSDK" />
      <version value="java version &quot;10.0.2&quot;" />
      <homePath value="$USER_HOME$/.sdkman/candidates/java/10.0.2-zulu" />
      <roots>
        <annotationsPath>
          <root type="composite">
            <root url="jar://$APPLICATION_HOME_DIR$/lib/jdkAnnotations.jar!/" type="simple" />
          </root>
        </annotationsPath>
        <classPath>
          <root type="composite">
            <root url="jrt:///Users/jkelly/.sdkman/candidates/java/10.0.2-zulu!/java.activation" type="simple" />
            <root url="jrt:///Users/jkelly/.sdkman/candidates/java/10.0.2-zulu!/java.base" type="simple" />
            <root url="jrt:///Users/jkelly/.sdkman/candidates/java/10.0.2-zulu!/java.compiler" type="simple" />
            <root url="jrt:///Users/jkelly/.sdkman/candidates/java/10.0.2-zulu!/java.corba" type="simple" />
            <root url="jrt:///Users/jkelly/.sdkman/candidates/java/10.0.2-zulu!/java.datatransfer" type="simple" />
            <root url="jrt:///Users/jkelly/.sdkman/candidates/java/10.0.2-zulu!/java.desktop" type="simple" />
            <root url="jrt:///Users/jkelly/.sdkman/candidates/java/10.0.2-zulu!/java.instrument" type="simple" />
            <root url="jrt:///Users/jkelly/.sdkman/candidates/java/10.0.2-zulu!/java.logging" type="simple" />
            <root url="jrt:///Users/jkelly/.sdkman/candidates/java/10.0.2-zulu!/java.management" type="simple" />
            <root url="jrt:///Users/jkelly/.sdkman/candidates/java/10.0.2-zulu!/java.management.rmi" type="simple" />
            <root url="jrt:///Users/jkelly/.sdkman/candidates/java/10.0.2-zulu!/java.naming" type="simple" />
            <root url="jrt:///Users/jkelly/.sdkman/candidates/java/10.0.2-zulu!/java.prefs" type="simple" />
            <root url="jrt:///Users/jkelly/.sdkman/candidates/java/10.0.2-zulu!/java.rmi" type="simple" />
            <root url="jrt:///Users/jkelly/.sdkman/candidates/java/10.0.2-zulu!/java.scripting" type="simple" />
            <root url="jrt:///Users/jkelly/.sdkman/candidates/java/10.0.2-zulu!/java.se" type="simple" />
            <root url="jrt:///Users/jkelly/.sdkman/candidates/java/10.0.2-zulu!/java.se.ee" type="simple" />
            <root url="jrt:///Users/jkelly/.sdkman/candidates/java/10.0.2-zulu!/java.security.jgss" type="simple" />
            <root url="jrt:///Users/jkelly/.sdkman/candidates/java/10.0.2-zulu!/java.security.sasl" type="simple" />
            <root url="jrt:///Users/jkelly/.sdkman/candidates/java/10.0.2-zulu!/java.smartcardio" type="simple" />
            <root url="jrt:///Users/jkelly/.sdkman/candidates/java/10.0.2-zulu!/java.sql" type="simple" />
            <root url="jrt:///Users/jkelly/.sdkman/candidates/java/10.0.2-zulu!/java.sql.rowset" type="simple" />
            <root url="jrt:///Users/jkelly/.sdkman/candidates/java/10.0.2-zulu!/java.transaction" type="simple" />
            <root url="jrt:///Users/jkelly/.sdkman/candidates/java/10.0.2-zulu!/java.xml" type="simple" />
            <root url="jrt:///Users/jkelly/.sdkman/candidates/java/10.0.2-zulu!/java.xml.bind" type="simple" />
            <root url="jrt:///Users/jkelly/.sdkman/candidates/java/10.0.2-zulu!/java.xml.crypto" type="simple" />
            <root url="jrt:///Users/jkelly/.sdkman/candidates/java/10.0.2-zulu!/java.xml.ws" type="simple" />
            <root url="jrt:///Users/jkelly/.sdkman/candidates/java/10.0.2-zulu!/java.xml.ws.annotation" type="simple" />
            <root url="jrt:///Users/jkelly/.sdkman/candidates/java/10.0.2-zulu!/jdk.accessibility" type="simple" />
            <root url="jrt:///Users/jkelly/.sdkman/candidates/java/10.0.2-zulu!/jdk.aot" type="simple" />
            <root url="jrt:///Users/jkelly/.sdkman/candidates/java/10.0.2-zulu!/jdk.attach" type="simple" />
            <root url="jrt:///Users/jkelly/.sdkman/candidates/java/10.0.2-zulu!/jdk.charsets" type="simple" />
            <root url="jrt:///Users/jkelly/.sdkman/candidates/java/10.0.2-zulu!/jdk.compiler" type="simple" />
            <root url="jrt:///Users/jkelly/.sdkman/candidates/java/10.0.2-zulu!/jdk.crypto.cryptoki" type="simple" />
            <root url="jrt:///Users/jkelly/.sdkman/candidates/java/10.0.2-zulu!/jdk.crypto.ec" type="simple" />
            <root url="jrt:///Users/jkelly/.sdkman/candidates/java/10.0.2-zulu!/jdk.dynalink" type="simple" />
            <root url="jrt:///Users/jkelly/.sdkman/candidates/java/10.0.2-zulu!/jdk.editpad" type="simple" />
            <root url="jrt:///Users/jkelly/.sdkman/candidates/java/10.0.2-zulu!/jdk.hotspot.agent" type="simple" />
            <root url="jrt:///Users/jkelly/.sdkman/candidates/java/10.0.2-zulu!/jdk.httpserver" type="simple" />
            <root url="jrt:///Users/jkelly/.sdkman/candidates/java/10.0.2-zulu!/jdk.incubator.httpclient" type="simple" />
            <root url="jrt:///Users/jkelly/.sdkman/candidates/java/10.0.2-zulu!/jdk.internal.ed" type="simple" />
            <root url="jrt:///Users/jkelly/.sdkman/candidates/java/10.0.2-zulu!/jdk.internal.jvmstat" type="simple" />
            <root url="jrt:///Users/jkelly/.sdkman/candidates/java/10.0.2-zulu!/jdk.internal.le" type="simple" />
            <root url="jrt:///Users/jkelly/.sdkman/candidates/java/10.0.2-zulu!/jdk.internal.opt" type="simple" />
            <root url="jrt:///Users/jkelly/.sdkman/candidates/java/10.0.2-zulu!/jdk.internal.vm.ci" type="simple" />
            <root url="jrt:///Users/jkelly/.sdkman/candidates/java/10.0.2-zulu!/jdk.internal.vm.compiler" type="simple" />
            <root url="jrt:///Users/jkelly/.sdkman/candidates/java/10.0.2-zulu!/jdk.internal.vm.compiler.management" type="simple" />
            <root url="jrt:///Users/jkelly/.sdkman/candidates/java/10.0.2-zulu!/jdk.jartool" type="simple" />
            <root url="jrt:///Users/jkelly/.sdkman/candidates/java/10.0.2-zulu!/jdk.javadoc" type="simple" />
            <root url="jrt:///Users/jkelly/.sdkman/candidates/java/10.0.2-zulu!/jdk.jcmd" type="simple" />
            <root url="jrt:///Users/jkelly/.sdkman/candidates/java/10.0.2-zulu!/jdk.jconsole" type="simple" />
            <root url="jrt:///Users/jkelly/.sdkman/candidates/java/10.0.2-zulu!/jdk.jdeps" type="simple" />
            <root url="jrt:///Users/jkelly/.sdkman/candidates/java/10.0.2-zulu!/jdk.jdi" type="simple" />
            <root url="jrt:///Users/jkelly/.sdkman/candidates/java/10.0.2-zulu!/jdk.jdwp.agent" type="simple" />
            <root url="jrt:///Users/jkelly/.sdkman/candidates/java/10.0.2-zulu!/jdk.jlink" type="simple" />
            <root url="jrt:///Users/jkelly/.sdkman/candidates/java/10.0.2-zulu!/jdk.jshell" type="simple" />
            <root url="jrt:///Users/jkelly/.sdkman/candidates/java/10.0.2-zulu!/jdk.jsobject" type="simple" />
            <root url="jrt:///Users/jkelly/.sdkman/candidates/java/10.0.2-zulu!/jdk.jstatd" type="simple" />
            <root url="jrt:///Users/jkelly/.sdkman/candidates/java/10.0.2-zulu!/jdk.localedata" type="simple" />
            <root url="jrt:///Users/jkelly/.sdkman/candidates/java/10.0.2-zulu!/jdk.management" type="simple" />
            <root url="jrt:///Users/jkelly/.sdkman/candidates/java/10.0.2-zulu!/jdk.management.agent" type="simple" />
            <root url="jrt:///Users/jkelly/.sdkman/candidates/java/10.0.2-zulu!/jdk.naming.dns" type="simple" />
            <root url="jrt:///Users/jkelly/.sdkman/candidates/java/10.0.2-zulu!/jdk.naming.rmi" type="simple" />
            <root url="jrt:///Users/jkelly/.sdkman/candidates/java/10.0.2-zulu!/jdk.net" type="simple" />
            <root url="jrt:///Users/jkelly/.sdkman/candidates/java/10.0.2-zulu!/jdk.pack" type="simple" />
            <root url="jrt:///Users/jkelly/.sdkman/candidates/java/10.0.2-zulu!/jdk.rmic" type="simple" />
            <root url="jrt:///Users/jkelly/.sdkman/candidates/java/10.0.2-zulu!/jdk.scripting.nashorn" type="simple" />
            <root url="jrt:///Users/jkelly/.sdkman/candidates/java/10.0.2-zulu!/jdk.scripting.nashorn.shell" type="simple" />
            <root url="jrt:///Users/jkelly/.sdkman/candidates/java/10.0.2-zulu!/jdk.sctp" type="simple" />
            <root url="jrt:///Users/jkelly/.sdkman/candidates/java/10.0.2-zulu!/jdk.security.auth" type="simple" />
            <root url="jrt:///Users/jkelly/.sdkman/candidates/java/10.0.2-zulu!/jdk.security.jgss" type="simple" />
            <root url="jrt:///Users/jkelly/.sdkman/candidates/java/10.0.2-zulu!/jdk.unsupported" type="simple" />
            <root url="jrt:///Users/jkelly/.sdkman/candidates/java/10.0.2-zulu!/jdk.xml.bind" type="simple" />
            <root url="jrt:///Users/jkelly/.sdkman/candidates/java/10.0.2-zulu!/jdk.xml.dom" type="simple" />
            <root url="jrt:///Users/jkelly/.sdkman/candidates/java/10.0.2-zulu!/jdk.xml.ws" type="simple" />
            <root url="jrt:///Users/jkelly/.sdkman/candidates/java/10.0.2-zulu!/jdk.zipfs" type="simple" />
          </root>
        </classPath>
        <javadocPath>
          <root type="composite" />
        </javadocPath>
        <sourcePath>
          <root type="composite">
            <root url="jar://$USER_HOME$/.sdkman/candidates/java/10.0.2-zulu/lib/src.zip!/java.se" type="simple" />
            <root url="jar://$USER_HOME$/.sdkman/candidates/java/10.0.2-zulu/lib/src.zip!/jdk.aot" type="simple" />
            <root url="jar://$USER_HOME$/.sdkman/candidates/java/10.0.2-zulu/lib/src.zip!/jdk.jdi" type="simple" />
            <root url="jar://$USER_HOME$/.sdkman/candidates/java/10.0.2-zulu/lib/src.zip!/jdk.net" type="simple" />
            <root url="jar://$USER_HOME$/.sdkman/candidates/java/10.0.2-zulu/lib/src.zip!/java.rmi" type="simple" />
            <root url="jar://$USER_HOME$/.sdkman/candidates/java/10.0.2-zulu/lib/src.zip!/java.sql" type="simple" />
            <root url="jar://$USER_HOME$/.sdkman/candidates/java/10.0.2-zulu/lib/src.zip!/java.xml" type="simple" />
            <root url="jar://$USER_HOME$/.sdkman/candidates/java/10.0.2-zulu/lib/src.zip!/jdk.jcmd" type="simple" />
            <root url="jar://$USER_HOME$/.sdkman/candidates/java/10.0.2-zulu/lib/src.zip!/jdk.pack" type="simple" />
            <root url="jar://$USER_HOME$/.sdkman/candidates/java/10.0.2-zulu/lib/src.zip!/jdk.rmic" type="simple" />
            <root url="jar://$USER_HOME$/.sdkman/candidates/java/10.0.2-zulu/lib/src.zip!/jdk.sctp" type="simple" />
            <root url="jar://$USER_HOME$/.sdkman/candidates/java/10.0.2-zulu/lib/src.zip!/java.base" type="simple" />
            <root url="jar://$USER_HOME$/.sdkman/candidates/java/10.0.2-zulu/lib/src.zip!/jdk.jdeps" type="simple" />
            <root url="jar://$USER_HOME$/.sdkman/candidates/java/10.0.2-zulu/lib/src.zip!/jdk.jlink" type="simple" />
            <root url="jar://$USER_HOME$/.sdkman/candidates/java/10.0.2-zulu/lib/src.zip!/jdk.zipfs" type="simple" />
            <root url="jar://$USER_HOME$/.sdkman/candidates/java/10.0.2-zulu/lib/src.zip!/java.corba" type="simple" />
            <root url="jar://$USER_HOME$/.sdkman/candidates/java/10.0.2-zulu/lib/src.zip!/java.prefs" type="simple" />
            <root url="jar://$USER_HOME$/.sdkman/candidates/java/10.0.2-zulu/lib/src.zip!/java.se.ee" type="simple" />
            <root url="jar://$USER_HOME$/.sdkman/candidates/java/10.0.2-zulu/lib/src.zip!/jdk.attach" type="simple" />
            <root url="jar://$USER_HOME$/.sdkman/candidates/java/10.0.2-zulu/lib/src.zip!/jdk.jshell" type="simple" />
            <root url="jar://$USER_HOME$/.sdkman/candidates/java/10.0.2-zulu/lib/src.zip!/jdk.jstatd" type="simple" />
            <root url="jar://$USER_HOME$/.sdkman/candidates/java/10.0.2-zulu/lib/src.zip!/jdk.xml.ws" type="simple" />
            <root url="jar://$USER_HOME$/.sdkman/candidates/java/10.0.2-zulu/lib/src.zip!/java.naming" type="simple" />
            <root url="jar://$USER_HOME$/.sdkman/candidates/java/10.0.2-zulu/lib/src.zip!/java.xml.ws" type="simple" />
            <root url="jar://$USER_HOME$/.sdkman/candidates/java/10.0.2-zulu/lib/src.zip!/jdk.editpad" type="simple" />
            <root url="jar://$USER_HOME$/.sdkman/candidates/java/10.0.2-zulu/lib/src.zip!/jdk.jartool" type="simple" />
            <root url="jar://$USER_HOME$/.sdkman/candidates/java/10.0.2-zulu/lib/src.zip!/jdk.javadoc" type="simple" />
            <root url="jar://$USER_HOME$/.sdkman/candidates/java/10.0.2-zulu/lib/src.zip!/jdk.xml.dom" type="simple" />
            <root url="jar://$USER_HOME$/.sdkman/candidates/java/10.0.2-zulu/lib/src.zip!/java.desktop" type="simple" />
            <root url="jar://$USER_HOME$/.sdkman/candidates/java/10.0.2-zulu/lib/src.zip!/java.logging" type="simple" />
            <root url="jar://$USER_HOME$/.sdkman/candidates/java/10.0.2-zulu/lib/src.zip!/jdk.charsets" type="simple" />
            <root url="jar://$USER_HOME$/.sdkman/candidates/java/10.0.2-zulu/lib/src.zip!/jdk.compiler" type="simple" />
            <root url="jar://$USER_HOME$/.sdkman/candidates/java/10.0.2-zulu/lib/src.zip!/jdk.dynalink" type="simple" />
            <root url="jar://$USER_HOME$/.sdkman/candidates/java/10.0.2-zulu/lib/src.zip!/jdk.jconsole" type="simple" />
            <root url="jar://$USER_HOME$/.sdkman/candidates/java/10.0.2-zulu/lib/src.zip!/jdk.jsobject" type="simple" />
            <root url="jar://$USER_HOME$/.sdkman/candidates/java/10.0.2-zulu/lib/src.zip!/jdk.xml.bind" type="simple" />
            <root url="jar://$USER_HOME$/.sdkman/candidates/java/10.0.2-zulu/lib/src.zip!/java.compiler" type="simple" />
            <root url="jar://$USER_HOME$/.sdkman/candidates/java/10.0.2-zulu/lib/src.zip!/java.xml.bind" type="simple" />
            <root url="jar://$USER_HOME$/.sdkman/candidates/java/10.0.2-zulu/lib/src.zip!/jdk.crypto.ec" type="simple" />
            <root url="jar://$USER_HOME$/.sdkman/candidates/java/10.0.2-zulu/lib/src.zip!/java.scripting" type="simple" />
            <root url="jar://$USER_HOME$/.sdkman/candidates/java/10.0.2-zulu/lib/src.zip!/jdk.httpserver" type="simple" />
            <root url="jar://$USER_HOME$/.sdkman/candidates/java/10.0.2-zulu/lib/src.zip!/jdk.jdwp.agent" type="simple" />
            <root url="jar://$USER_HOME$/.sdkman/candidates/java/10.0.2-zulu/lib/src.zip!/jdk.localedata" type="simple" />
            <root url="jar://$USER_HOME$/.sdkman/candidates/java/10.0.2-zulu/lib/src.zip!/jdk.management" type="simple" />
            <root url="jar://$USER_HOME$/.sdkman/candidates/java/10.0.2-zulu/lib/src.zip!/jdk.naming.dns" type="simple" />
            <root url="jar://$USER_HOME$/.sdkman/candidates/java/10.0.2-zulu/lib/src.zip!/jdk.naming.rmi" type="simple" />
            <root url="jar://$USER_HOME$/.sdkman/candidates/java/10.0.2-zulu/lib/src.zip!/java.activation" type="simple" />
            <root url="jar://$USER_HOME$/.sdkman/candidates/java/10.0.2-zulu/lib/src.zip!/java.instrument" type="simple" />
            <root url="jar://$USER_HOME$/.sdkman/candidates/java/10.0.2-zulu/lib/src.zip!/java.management" type="simple" />
            <root url="jar://$USER_HOME$/.sdkman/candidates/java/10.0.2-zulu/lib/src.zip!/java.sql.rowset" type="simple" />
            <root url="jar://$USER_HOME$/.sdkman/candidates/java/10.0.2-zulu/lib/src.zip!/java.xml.crypto" type="simple" />
            <root url="jar://$USER_HOME$/.sdkman/candidates/java/10.0.2-zulu/lib/src.zip!/jdk.internal.ed" type="simple" />
            <root url="jar://$USER_HOME$/.sdkman/candidates/java/10.0.2-zulu/lib/src.zip!/jdk.internal.le" type="simple" />
            <root url="jar://$USER_HOME$/.sdkman/candidates/java/10.0.2-zulu/lib/src.zip!/jdk.unsupported" type="simple" />
            <root url="jar://$USER_HOME$/.sdkman/candidates/java/10.0.2-zulu/lib/src.zip!/java.smartcardio" type="simple" />
            <root url="jar://$USER_HOME$/.sdkman/candidates/java/10.0.2-zulu/lib/src.zip!/java.transaction" type="simple" />
            <root url="jar://$USER_HOME$/.sdkman/candidates/java/10.0.2-zulu/lib/src.zip!/jdk.internal.opt" type="simple" />
            <root url="jar://$USER_HOME$/.sdkman/candidates/java/10.0.2-zulu/lib/src.zip!/java.datatransfer" type="simple" />
            <root url="jar://$USER_HOME$/.sdkman/candidates/java/10.0.2-zulu/lib/src.zip!/jdk.accessibility" type="simple" />
            <root url="jar://$USER_HOME$/.sdkman/candidates/java/10.0.2-zulu/lib/src.zip!/jdk.hotspot.agent" type="simple" />
            <root url="jar://$USER_HOME$/.sdkman/candidates/java/10.0.2-zulu/lib/src.zip!/jdk.security.auth" type="simple" />
            <root url="jar://$USER_HOME$/.sdkman/candidates/java/10.0.2-zulu/lib/src.zip!/jdk.security.jgss" type="simple" />
            <root url="jar://$USER_HOME$/.sdkman/candidates/java/10.0.2-zulu/lib/src.zip!/java.security.jgss" type="simple" />
            <root url="jar://$USER_HOME$/.sdkman/candidates/java/10.0.2-zulu/lib/src.zip!/java.security.sasl" type="simple" />
            <root url="jar://$USER_HOME$/.sdkman/candidates/java/10.0.2-zulu/lib/src.zip!/jdk.internal.vm.ci" type="simple" />
            <root url="jar://$USER_HOME$/.sdkman/candidates/java/10.0.2-zulu/lib/src.zip!/java.management.rmi" type="simple" />
            <root url="jar://$USER_HOME$/.sdkman/candidates/java/10.0.2-zulu/lib/src.zip!/jdk.crypto.cryptoki" type="simple" />
            <root url="jar://$USER_HOME$/.sdkman/candidates/java/10.0.2-zulu/lib/src.zip!/jdk.internal.jvmstat" type="simple" />
            <root url="jar://$USER_HOME$/.sdkman/candidates/java/10.0.2-zulu/lib/src.zip!/jdk.management.agent" type="simple" />
            <root url="jar://$USER_HOME$/.sdkman/candidates/java/10.0.2-zulu/lib/src.zip!/jdk.scripting.nashorn" type="simple" />
            <root url="jar://$USER_HOME$/.sdkman/candidates/java/10.0.2-zulu/lib/src.zip!/java.xml.ws.annotation" type="simple" />
            <root url="jar://$USER_HOME$/.sdkman/candidates/java/10.0.2-zulu/lib/src.zip!/jdk.incubator.httpclient" type="simple" />
            <root url="jar://$USER_HOME$/.sdkman/candidates/java/10.0.2-zulu/lib/src.zip!/jdk.internal.vm.compiler" type="simple" />
            <root url="jar://$USER_HOME$/.sdkman/candidates/java/10.0.2-zulu/lib/src.zip!/jdk.scripting.nashorn.shell" type="simple" />
            <root url="jar://$USER_HOME$/.sdkman/candidates/java/10.0.2-zulu/lib/src.zip!/jdk.internal.vm.compiler.management" type="simple" />
          </root>
        </sourcePath>
      </roots>
      <additional />
    </jdk>
    <jdk version="2">
      <name value="8" />
      <type value="JavaSDK" />
      <version value="java version &quot;1.8.0_192&quot;" />
      <homePath value="$USER_HOME$/.sdkman/candidates/java/8.0.192-zulu" />
      <roots>
        <annotationsPath>
          <root type="composite">
            <root url="jar://$APPLICATION_HOME_DIR$/lib/jdkAnnotations.jar!/" type="simple" />
          </root>
        </annotationsPath>
        <classPath>
          <root type="composite">
            <root url="jar://$USER_HOME$/.sdkman/candidates/java/8.0.192-zulu/jre/lib/charsets.jar!/" type="simple" />
            <root url="jar://$USER_HOME$/.sdkman/candidates/java/8.0.192-zulu/jre/lib/ext/cldrdata.jar!/" type="simple" />
            <root url="jar://$USER_HOME$/.sdkman/candidates/java/8.0.192-zulu/jre/lib/ext/dnsns.jar!/" type="simple" />
            <root url="jar://$USER_HOME$/.sdkman/candidates/java/8.0.192-zulu/jre/lib/ext/jaccess.jar!/" type="simple" />
            <root url="jar://$USER_HOME$/.sdkman/candidates/java/8.0.192-zulu/jre/lib/ext/localedata.jar!/" type="simple" />
            <root url="jar://$USER_HOME$/.sdkman/candidates/java/8.0.192-zulu/jre/lib/ext/nashorn.jar!/" type="simple" />
            <root url="jar://$USER_HOME$/.sdkman/candidates/java/8.0.192-zulu/jre/lib/ext/sunec.jar!/" type="simple" />
            <root url="jar://$USER_HOME$/.sdkman/candidates/java/8.0.192-zulu/jre/lib/ext/sunjce_provider.jar!/" type="simple" />
            <root url="jar://$USER_HOME$/.sdkman/candidates/java/8.0.192-zulu/jre/lib/ext/sunpkcs11.jar!/" type="simple" />
            <root url="jar://$USER_HOME$/.sdkman/candidates/java/8.0.192-zulu/jre/lib/ext/zipfs.jar!/" type="simple" />
            <root url="jar://$USER_HOME$/.sdkman/candidates/java/8.0.192-zulu/jre/lib/jce.jar!/" type="simple" />
            <root url="jar://$USER_HOME$/.sdkman/candidates/java/8.0.192-zulu/jre/lib/jsse.jar!/" type="simple" />
            <root url="jar://$USER_HOME$/.sdkman/candidates/java/8.0.192-zulu/jre/lib/management-agent.jar!/" type="simple" />
            <root url="jar://$USER_HOME$/.sdkman/candidates/java/8.0.192-zulu/jre/lib/resources.jar!/" type="simple" />
            <root url="jar://$USER_HOME$/.sdkman/candidates/java/8.0.192-zulu/jre/lib/rt.jar!/" type="simple" />
            <root url="jar://$USER_HOME$/.sdkman/candidates/java/8.0.192-zulu/lib/dt.jar!/" type="simple" />
            <root url="jar://$USER_HOME$/.sdkman/candidates/java/8.0.192-zulu/lib/jconsole.jar!/" type="simple" />
            <root url="jar://$USER_HOME$/.sdkman/candidates/java/8.0.192-zulu/lib/sa-jdi.jar!/" type="simple" />
            <root url="jar://$USER_HOME$/.sdkman/candidates/java/8.0.192-zulu/lib/tools.jar!/" type="simple" />
          </root>
        </classPath>
        <javadocPath>
          <root type="composite" />
        </javadocPath>
        <sourcePath>
          <root type="composite">
            <root url="jar://$USER_HOME$/.sdkman/candidates/java/8.0.192-zulu/src.zip!/" type="simple" />
          </root>
        </sourcePath>
      </roots>
      <additional />
    </jdk>
    <jdk version="2">
      <name value="Kotlin SDK" />
      <type value="KotlinSDK" />
      <version value="1.3.30" />
      <homePath value="$KOTLIN_BUNDLED$" />
      <roots>
        <annotationsPath>
          <root type="composite" />
        </annotationsPath>
        <classPath>
          <root type="composite" />
        </classPath>
        <javadocPath>
          <root type="composite" />
        </javadocPath>
        <sourcePath>
          <root type="composite" />
        </sourcePath>
      </roots>
      <additional />
    </jdk>
  </component>
</application>