<application>
  <component name="ProjectManager">
    <defaultProject>
      <component name="DefaultGradleProjectSettings">
        <option name="testRunner" value="GRADLE" />
        <option name="delegatedBuild" value="true" />
      </component>
      <component name="Encoding">
        <file url="PROJECT" charset="UTF-8" />
      </component>
      <component name="GradleLocalSettings">
        <option name="modificationStamps">
          <map>
            <entry key="$USER_HOME$/projects/elite-extra/extra-app" value="2962089634000" />
            <entry key="$USER_HOME$/projects/extra/excel" value="5817295526000" />
            <entry key="$USER_HOME$/projects/extra/extra-app" value="2962089634000" />
            <entry key="$USER_HOME$/projects/extra/fmp-portal" value="2962089634000" />
            <entry key="$USER_HOME$/projects/extra/readers/fmp" value="4443134454000" />
            <entry key="$USER_HOME$/projects/gradle/customer-import" value="2969181188000" />
            <entry key="$USER_HOME$/projects/gradle/extra-ftp-outbox" value="5924202672000" />
            <entry key="$USER_HOME$/projects/gradle/ftpoutbox" value="5860322642000" />
            <entry key="$USER_HOME$/projects/gradle/integration-service/integration-service" value="5862346172000" />
            <entry key="$USER_HOME$/projects/grails/astro/astroback" value="1486502212000" />
            <entry key="$USER_HOME$/projects/grails/customer-portal" value="1449771830000" />
            <entry key="$USER_HOME$/projects/grails/extra-customer-portal" value="1485192550000" />
            <entry key="$USER_HOME$/projects/multitenant/extra-app" value="2967105564000" />
            <entry key="$USER_HOME$/projects/services/billing-service" value="1438631938000" />
            <entry key="$USER_HOME$/projects/services/extra-api" value="2963287242000" />
            <entry key="$USER_HOME$/projects/services/extra-standard-order-service/standard-inbox-service" value="14716228756000" />
            <entry key="$USER_HOME$/projects/services/ftpoutbox" value="2878781460000" />
            <entry key="$USER_HOME$/projects/services/image-processing-service" value="1438016961000" />
            <entry key="$USER_HOME$/projects/services/itg-reader" value="2958833364000" />
            <entry key="$USER_HOME$/projects/services/support-utils" value="1436557810000" />
            <entry key="$USER_HOME$/projects/services/update/Update_Service" value="2915275325000" />
          </map>
        </option>
        <option name="projectSyncType">
          <map>
            <entry key="$USER_HOME$/.kscript/kscript_tmp_project__eetools.kts_1532706954733" value="PREVIEW" />
            <entry key="$USER_HOME$/projects/extra/excel" value="PREVIEW" />
            <entry key="$USER_HOME$/projects/extra/extra-app" value="PREVIEW" />
            <entry key="$USER_HOME$/projects/extra/readers/fmp" value="PREVIEW" />
            <entry key="$USER_HOME$/projects/gradle/extra-ftp-outbox" value="PREVIEW" />
            <entry key="$USER_HOME$/projects/gradle/geb-browser-test" value="PREVIEW" />
            <entry key="$USER_HOME$/projects/gradle/pgexplain" value="PREVIEW" />
            <entry key="$USER_HOME$/projects/kotlin/ee-tools" value="PREVIEW" />
            <entry key="$USER_HOME$/projects/kotlin/extra-part-lookup" value="PREVIEW" />
            <entry key="$USER_HOME$/projects/kotlin/extra-viz-helper" value="PREVIEW" />
            <entry key="$USER_HOME$/projects/kotlin/kossh" value="PREVIEW" />
            <entry key="$USER_HOME$/projects/kotlin/reports" value="PREVIEW" />
            <entry key="$USER_HOME$/projects/multitenant/excel" value="PREVIEW" />
            <entry key="$USER_HOME$/projects/multitenant/extra-app" value="PREVIEW" />
            <entry key="$USER_HOME$/projects/services/cdk_downloader/cdk_downloader_service" value="PREVIEW" />
            <entry key="$USER_HOME$/projects/services/extra-standard-order-service/downloaders/adpd/adpd-downloader-lib" value="PREVIEW" />
            <entry key="$USER_HOME$/projects/services/extra-standard-order-service/standard-inbox-service" value="PREVIEW" />
            <entry key="$USER_HOME$/projects/services/extrasites/extrasites-webapp" value="PREVIEW" />
            <entry key="$USER_HOME$/projects/services/fmp-presorter" value="PREVIEW" />
            <entry key="$USER_HOME$/projects/services/si-reader" value="PREVIEW" />
            <entry key="$USER_HOME$/projects/services/standard-inbox-proxy" value="PREVIEW" />
            <entry key="$USER_HOME$/source/EEAlfredServer" value="PREVIEW" />
            <entry key="$USER_HOME$/source/budgeter" value="PREVIEW" />
            <entry key="$USER_HOME$/source/extra-dev-helper" value="PREVIEW" />
          </map>
        </option>
      </component>
      <component name="InspectionProjectProfileManager">
        <profile version="1.0">
          <option name="myName" value="Project Default" />
        </profile>
        <version value="1.0" />
      </component>
      <component name="ProjectInspectionProfilesVisibleTreeState">
        <entry key="Project Default">
          <profile-state>
            <expanded-state>
              <State>
                <id />
              </State>
              <State>
                <id>Android</id>
              </State>
              <State>
                <id>Android &gt; Lint &gt; Correctness</id>
              </State>
              <State>
                <id>Android Lint for Kotlin</id>
              </State>
              <State>
                <id>Java</id>
              </State>
              <State>
                <id>Java language level migration aidsJava</id>
              </State>
            </expanded-state>
          </profile-state>
        </entry>
      </component>
      <component name="ProjectRootManager" version="2" languageLevel="JDK_1_6" project-jdk-name="1.8" project-jdk-type="JavaSDK" />
      <component name="ProjectViewState">
        <option name="flattenPackages" value="true" />
        <option name="hideEmptyMiddlePackages" value="true" />
        <option name="showExcludedFiles" value="true" />
        <option name="showLibraryContents" value="true" />
      </component>
      <component name="PropertiesComponent">
        <property name="GoToClass.includeLibraries" value="false" />
        <property name="GoToClass.toSaveIncludeLibraries" value="false" />
        <property name="GoToFile.includeJavaFiles" value="false" />
        <property name="MemberChooser.copyJavadoc" value="false" />
        <property name="MemberChooser.showClasses" value="true" />
        <property name="MemberChooser.sorted" value="false" />
        <property name="nodejs_interpreter_path.stuck_in_default_project" value="/usr/local/bin/node" />
        <property name="nodejs_npm_path_reset_for_default_project" value="true" />
        <property name="options.lastSelected" value="configurable.group.tools" />
        <property name="options.splitter.details.proportions" value="0.2" />
        <property name="options.splitter.main.proportions" value="0.3" />
        <property name="project.structure.last.edited" value="SDKs" />
        <property name="project.structure.proportion" value="0.15" />
        <property name="project.structure.side.proportion" value="0.2" />
        <property name="settings.editor.selected.configurable" value="configurable.group.language" />
      </component>
      <component name="RunManager">
        <configuration default="true" type="Applet">
          <option name="POLICY_FILE" value="$APPLICATION_HOME_DIR$/bin/appletviewer.policy" />
          <method v="2">
            <option name="Make" enabled="true" />
          </method>
        </configuration>
        <configuration default="true" type="Application" factoryName="Application">
          <option name="WORKING_DIRECTORY" value="$PROJECT_DIR$" />
          <method v="2">
            <option name="Make" enabled="true" />
          </method>
        </configuration>
        <configuration default="true" type="JUnit" factoryName="JUnit">
          <option name="TEST_OBJECT" value="class" />
          <option name="WORKING_DIRECTORY" value="$MODULE_DIR$" />
          <method v="2">
            <option name="Make" enabled="true" />
          </method>
        </configuration>
        <configuration default="true" type="TestNG">
          <option name="TEST_OBJECT" value="CLASS" />
          <option name="WORKING_DIRECTORY" value="$PROJECT_DIR$" />
          <properties />
          <listeners />
          <method v="2">
            <option name="Make" enabled="true" />
          </method>
        </configuration>
        <configuration default="true" type="#org.jetbrains.idea.devkit.run.PluginConfigurationType">
          <module name="" />
          <option name="VM_PARAMETERS" value="-Xmx512m -Xms256m -XX:MaxPermSize=250m -ea" />
          <option name="PROGRAM_PARAMETERS" />
          <predefined_log_file enabled="true" id="idea.log" />
          <method v="2">
            <option name="Make" enabled="true" />
          </method>
        </configuration>
      </component>
      <component name="SbtLocalSettings">
        <option name="modificationStamps">
          <map>
            <entry key="$USER_HOME$/projects/scala/customer-import" value="1484759732000" />
            <entry key="$USER_HOME$/projects/scala/ee-tools" value="1489167968000" />
            <entry key="$USER_HOME$/projects/scala/eealfredscala" value="1487021547000" />
          </map>
        </option>
        <option name="externalProjectsViewState">
          <projects_view />
        </option>
      </component>
      <component name="masterDetails">
        <states>
          <state key="GlobalLibrariesConfigurable.UI">
            <settings>
              <last-edited>2.4</last-edited>
              <splitter-proportions>
                <option name="proportions">
                  <list>
                    <option value="0.2" />
                  </list>
                </option>
              </splitter-proportions>
            </settings>
          </state>
          <state key="JdkListConfigurable.UI">
            <settings>
              <last-edited>1.8</last-edited>
              <splitter-proportions>
                <option name="proportions">
                  <list>
                    <option value="0.2" />
                  </list>
                </option>
              </splitter-proportions>
            </settings>
          </state>
          <state key="ProjectJDKs.UI">
            <settings>
              <last-edited>8</last-edited>
              <splitter-proportions>
                <option name="proportions">
                  <list>
                    <option value="0.2" />
                  </list>
                </option>
              </splitter-proportions>
            </settings>
          </state>
          <state key="ProjectLibrariesConfigurable.UI">
            <settings>
              <splitter-proportions>
                <option name="proportions">
                  <list>
                    <option value="0.2" />
                  </list>
                </option>
              </splitter-proportions>
            </settings>
          </state>
        </states>
      </component>
    </defaultProject>
  </component>
</application>